id,firstname,lastname,email,email2,profession
1,Rosanne,Fancie,Rosanne.Fancie@yopmail.com,Rosanne.Fancie@gmail.com,firefighter
2,Elsie,Mathilde,Elsie.Mathilde@yopmail.com,Elsie.Mathilde@gmail.com,firefighter
3,Britni,Si,Britni.Si@yopmail.com,Britni.Si@gmail.com,police officer
4,Brynna,Warthman,Brynna.Warthman@yopmail.com,Brynna.Warthman@gmail.com,worker
5,Nessie,Septima,Nessie.Septima@yopmail.com,Nessie.Septima@gmail.com,doctor
6,Tina,Rona,Tina.Rona@yopmail.com,Tina.Rona@gmail.comdeveloper
7,Dania,Thad,Dania.Thad@yopmail.com,Dania.Thad@gmail.com,firefighter
8,Genevra,Susannah,Genevra.Susannah@yopmail.com,Genevra.Susannah@gmail.com,police officer
9,Ivett,Alexandr,Ivett.Alexandr@yopmail.com,Ivett.Alexandr@gmail.com,police officer
10,Mady,Chrystel,Mady.Chrystel@yopmail.com,Mady.Chrystel@gmail.com,doctor
11,Belinda,Anderea,Belinda.Anderea@yopmail.com,Belinda.Anderea@gmail.com,worker
12,Kristan,Gavrila,Kristan.Gavrila@yopmail.com,Kristan.Gavrila@gmail.com,firefighter
13,Antonietta,Nance,Antonietta.Nance@yopmail.com,Antonietta.Nance@gmail.com,doctor
14,Carmela,Jefferey,Carmela.Jefferey@yopmail.com,Carmela.Jefferey@gmail.com,developer
15,Ebonee,Shields,Ebonee.Shields@yopmail.com,Ebonee.Shields@gmail.com,firefighter
16,Allis,Norvol,Allis.Norvol@yopmail.com,Allis.Norvol@gmail.com,police officer
17,Mireielle,Ahab,Mireielle.Ahab@yopmail.com,Mireielle.Ahab@gmail.com,doctor
18,Tracey,Laverne,Tracey.Laverne@yopmail.com,Tracey.Laverne@gmail.com,doctor
19,Robinia,Autrey,Robinia.Autrey@yopmail.com,Robinia.Autrey@gmail.com,police officer
20,Imojean,Alarise,Imojean.Alarise@yopmail.com,Imojean.Alarise@gmail.com,police officer
21,Basia,Leler,Basia.Leler@yopmail.com,Basia.Leler@gmail.com,developer
22,Maryellen,Kylander,Maryellen.Kylander@yopmail.com,Maryellen.Kylander@gmail.com,police officer
23,Rivalee,Heidt,Rivalee.Heidt@yopmail.com,Rivalee.Heidt@gmail.com,firefighter
24,Barbi,Shanley,Barbi.Shanley@yopmail.com,Barbi.Shanley@gmail.com,doctor
25,Lilith,Old,Lilith.Old@yopmail.com,Lilith.Old@gmail.com,developer
26,Caressa,Rolf,Caressa.Rolf@yopmail.com,Caressa.Rolf@gmail.com,developer
27,Misha,Toni,Misha.Toni@yopmail.com,Misha.Toni@gmail.com,doctor
28,Elena,Douglass,Elena.Douglass@yopmail.com,Elena.Douglass@gmail.com,firefighter
29,Liana,Kiersten,Liana.Kiersten@yopmail.com,Liana.Kiersten@gmail.com,police officer
30,Tera,Dalli,Tera.Dalli@yopmail.com,Tera.Dalli@gmail.com,police officer
31,Catrina,Behre,Catrina.Behre@yopmail.com,Catrina.Behre@gmail.com,police officer
32,Carmela,Douglass,Carmela.Douglass@yopmail.com,Carmela.Douglass@gmail.com,worker
33,Kathy,Sidonius,Kathy.Sidonius@yopmail.com,Kathy.Sidonius@gmail.com,worker
34,Nerta,Monk,Nerta.Monk@yopmail.com,Nerta.Monk@gmail.com,doctor
35,Shirlee,Mata,Shirlee.Mata@yopmail.com,Shirlee.Mata@gmail.com,police officer
36,Joane,Tybald,Joane.Tybald@yopmail.com,Joane.Tybald@gmail.com,police officer
37,Flo,Sheedy,Flo.Sheedy@yopmail.com,Flo.Sheedy@gmail.com,doctor
38,Concettina,Libna,Concettina.Libna@yopmail.com,Concettina.Libna@gmail.com,firefighter
39,Petronia,Middleton,Petronia.Middleton@yopmail.com,Petronia.Middleton@gmail.com,firefighter
40,Sissy,Sammons,Sissy.Sammons@yopmail.com,Sissy.Sammons@gmail.com,police officer
41,Paulita,Isidore,Paulita.Isidore@yopmail.com,Paulita.Isidore@gmail.com,worker
42,Deedee,Raychel,Deedee.Raychel@yopmail.com,Deedee.Raychel@gmail.com,worker
43,Cathyleen,Ivens,Cathyleen.Ivens@yopmail.com,Cathyleen.Ivens@gmail.com,developer
44,Kaia,Adlare,Kaia.Adlare@yopmail.com,Kaia.Adlare@gmail.com,worker
45,Romona,Rossner,Romona.Rossner@yopmail.com,Romona.Rossner@gmail.com,worker
46,Fanny,Faro,Fanny.Faro@yopmail.com,Fanny.Faro@gmail.com,worker
47,Genovera,Hamil,Genovera.Hamil@yopmail.com,Genovera.Hamil@gmail.com,developer
48,Randa,Maribeth,Randa.Maribeth@yopmail.com,Randa.Maribeth@gmail.com,worker
49,Claresta,Larochelle,Claresta.Larochelle@yopmail.com,Claresta.Larochelle@gmail.com,worker
50,Rani,Olin,Rani.Olin@yopmail.com,Rani.Olin@gmail.com,firefighter
51,Dulcinea,Erskine,Dulcinea.Erskine@yopmail.com,Dulcinea.Erskine@gmail.com,worker
52,Doro,Camden,Doro.Camden@yopmail.com,Doro.Camden@gmail.com,firefighter
53,Winny,Engdahl,Winny.Engdahl@yopmail.com,Winny.Engdahl@gmail.com,firefighter
54,Linet,Modie,Linet.Modie@yopmail.com,Linet.Modie@gmail.com,police officer
55,Tatiania,Peti,Tatiania.Peti@yopmail.com,Tatiania.Peti@gmail.com,doctor
56,Daune,Elephus,Daune.Elephus@yopmail.com,Daune.Elephus@gmail.com,police officer
57,Olwen,Seagraves,Olwen.Seagraves@yopmail.com,Olwen.Seagraves@gmail.com,police officer
58,Binny,Merna,Binny.Merna@yopmail.com,Binny.Merna@gmail.com,police officer
59,Darlleen,Hubert,Darlleen.Hubert@yopmail.com,Darlleen.Hubert@gmail.com,doctor
60,June,Bouchard,June.Bouchard@yopmail.com,June.Bouchard@gmail.com,firefighter
61,Karly,Turne,Karly.Turne@yopmail.com,Karly.Turne@gmail.com,doctor
62,Lynde,Eldrid,Lynde.Eldrid@yopmail.com,Lynde.Eldrid@gmail.com,developer
63,Deloria,Ardeha,Deloria.Ardeha@yopmail.com,Deloria.Ardeha@gmail.com,police officer
64,Cassandra,Fabiola,Cassandra.Fabiola@yopmail.com,Cassandra.Fabiola@gmail.com,doctor
65,Blake,Edee,Blake.Edee@yopmail.com,Blake.Edee@gmail.com,worker
66,Julieta,Decato,Julieta.Decato@yopmail.com,Julieta.Decato@gmail.com,developer
67,Yolane,Lubin,Yolane.Lubin@yopmail.com,Yolane.Lubin@gmail.com,developer
68,Averyl,Duwalt,Averyl.Duwalt@yopmail.com,Averyl.Duwalt@gmail.com,firefighter
69,Meriel,Ovid,Meriel.Ovid@yopmail.com,Meriel.Ovid@gmail.com,doctor
70,Cacilie,Jotham,Cacilie.Jotham@yopmail.com,Cacilie.Jotham@gmail.com,developer
71,Lorne,Schalles,Lorne.Schalles@yopmail.com,Lorne.Schalles@gmail.com,developer
72,Adriana,Suzetta,Adriana.Suzetta@yopmail.com,Adriana.Suzetta@gmail.com,worker
73,Annabela,Ogren,Annabela.Ogren@yopmail.com,Annabela.Ogren@gmail.com,doctor
74,Lulita,Voletta,Lulita.Voletta@yopmail.com,Lulita.Voletta@gmail.com,worker
75,Rosaline,Nerita,Rosaline.Nerita@yopmail.com,Rosaline.Nerita@gmail.com,police officer
76,Minne,Florina,Minne.Florina@yopmail.com,Minne.Florina@gmail.com,firefighter
77,Genovera,Warthman,Genovera.Warthman@yopmail.com,Genovera.Warthman@gmail.com,firefighter
78,Sonni,Eachern,Sonni.Eachern@yopmail.com,Sonni.Eachern@gmail.com,firefighter
79,Kassey,Daniele,Kassey.Daniele@yopmail.com,Kassey.Daniele@gmail.com,worker
80,Annabela,Felizio,Annabela.Felizio@yopmail.com,Annabela.Felizio@gmail.com,firefighter
81,Ingrid,Weinreb,Ingrid.Weinreb@yopmail.com,Ingrid.Weinreb@gmail.com,firefighter
82,Fawne,Dreda,Fawne.Dreda@yopmail.com,Fawne.Dreda@gmail.com,worker
83,Vonny,Ezar,Vonny.Ezar@yopmail.com,Vonny.Ezar@gmail.com,firefighter
84,Janenna,Pattin,Janenna.Pattin@yopmail.com,Janenna.Pattin@gmail.com,police officer
85,Modestia,Truc,Modestia.Truc@yopmail.com,Modestia.Truc@gmail.com,firefighter
86,Brandise,Oster,Brandise.Oster@yopmail.com,Brandise.Oster@gmail.com,worker
87,Averyl,Daniele,Averyl.Daniele@yopmail.com,Averyl.Daniele@gmail.com,developer
88,Tamqrah,Hedve,Tamqrah.Hedve@yopmail.com,Tamqrah.Hedve@gmail.com,police officer
89,Brana,Sharl,Brana.Sharl@yopmail.com,Brana.Sharl@gmail.com,doctor
90,Lorenza,Lory,Lorenza.Lory@yopmail.com,Lorenza.Lory@gmail.com,doctor
91,Jennica,Tybald,Jennica.Tybald@yopmail.com,Jennica.Tybald@gmail.com,worker
92,Desirae,Pacorro,Desirae.Pacorro@yopmail.com,Desirae.Pacorro@gmail.com,police officer
93,Deedee,Zitvaa,Deedee.Zitvaa@yopmail.com,Deedee.Zitvaa@gmail.com,worker
94,Tori,Allare,Tori.Allare@yopmail.com,Tori.Allare@gmail.com,developer
95,Aimil,Schroth,Aimil.Schroth@yopmail.com,Aimil.Schroth@gmail.com,worker
96,Blinni,Creamer,Blinni.Creamer@yopmail.com,Blinni.Creamer@gmail.com,doctor
97,Jackie,Ledah,Jackie.Ledah@yopmail.com,Jackie.Ledah@gmail.com,doctor
98,Genevra,Peg,Genevra.Peg@yopmail.com,Genevra.Peg@gmail.com,developer
99,Kirstin,Lytton,Kirstin.Lytton@yopmail.com,Kirstin.Lytton@gmail.com,developer
100,Jemie,Francene,Jemie.Francene@yopmail.com,Jemie.Francene@gmail.com,worker